Locus	Allele Class	Allele Frequency:AFR(%)	Allele Frequency:AMR(%)	Allele Frequency:EAS(%)	Allele Frequency:EUR(%)	Allele Frequency:SAS(%)	Most Frequent Repeat Copy:AFR	Most Frequent Repeat Copy:AMR	Most Frequent Repeat Copy:EAS	Most Frequent Repeat Copy:EUR	Most Frequent Repeat Copy:SAS	Most Frequent Repeat Copy(%):AFR	Most Frequent Repeat Copy(%):AMR	Most Frequent Repeat Copy(%):EAS	Most Frequent Repeat Copy(%):EUR	Most Frequent Repeat Copy(%):SAS	Repeat Copy Range:AFR	Repeat Copy Range:AMR	Repeat Copy Range:EAS	Repeat Copy Range:EUR	Repeat Copy Range:SAS	Average Non-Canonical Base(%):AFR	Average Non-Canonical Base(%):AMR	Average Non-Canonical Base(%):EAS	Average Non-Canonical Base(%):EUR	Average Non-Canonical Base(%):SAS	Most Frequent Non-Canonical Motif:AFR	Most Frequent Non-Canonical Motif:AMR	Most Frequent Non-Canonical Motif:EAS	Most Frequent Non-Canonical Motif:EUR	Most Frequent Non-Canonical Motif:SAS	Most Frequent Non-Canonical Motif(%):AFR	Most Frequent Non-Canonical Motif(%):AMR	Most Frequent Non-Canonical Motif(%):EAS	Most Frequent Non-Canonical Motif(%):EUR	Most Frequent Non-Canonical Motif(%):SAS	Total Number of Alleles:AFR	Total Number of Alleles:AMR	Total Number of Alleles:EAS	Total Number of Alleles:EUR	Total Number of Alleles:SAS
AFF2	intermediate	24.57	58.16	67.60	36.13	46.35	31	32	31	31	31	23.76	25.90	49.48	27.91	48.03	31.00-51.00	31.00-55.00	31.00-43.00	31.00-44.00	31.00-50.00	17.55	18.19	18.63	18.00	18.68	CTG	CTG	CGG	CCT	CTG	19.20	19.25	19.46	19.06	19.18	101	139	194	86	127
AFF2	normal	74.94	41.84	32.40	63.45	53.65	28	28	30	28	28	44.81	56.00	38.71	59.60	57.14	19.00-30.00	25.00-30.00	20.00-30.00	17.00-30.00	23.00-30.00	21.02	21.19	22.03	21.49	21.31	CTG	CAG	CGG	CAG	CTG	19.65	19.46	19.50	19.58	19.65	308	100	93	151	147
AFF2	premutation	0.49	None	None	0.42	None	74	None	None	65	None	50	None	None	100	None	74.00-75.00	None	None	65.00-65.00	None	25.37	None	None	26.15	None	AG	None	None	AG	None	10.53	None	None	10	None	2	None	None	1	None
AFF3	normal	98.25	90.74	95.76	96.34	95.19	8	8	8	8	8	68.23	62.46	63.02	52.05	57.07	4.00-18.00	4.00-20.00	4.00-20.00	4.00-20.00	3.00-20.00	0.39	0.38	0.33	0.60	0.45	None	None	None	None	None	95.17	94.93	93.52	92.51	93.97	617	333	384	342	396
AFF3	unknown	1.75	9.26	4.24	3.66	4.81	22	22	23	22	22	9.09	11.76	23.53	15.38	25	22.00-66.00	21.00-48.00	21.00-34.00	22.00-64.00	21.00-37.00	5.68	0.78	6.80	7.27	9.62	None	None	None	None	None	21.43	75.68	78.95	25	77.27	11	34	17	13	20
AR	full mutation	None	0.37	0.32	None	None	None	41	38	None	None	None	100	100	None	None	None	41.00-41.00	38.00-38.00	None	None	None	0	9.73	None	None	None	None	AGA	None	None	None	100	20	None	None	None	1	1	None	None
AR	normal	100	99.63	99.37	99.18	99.28	18	22	22	21	23	15.03	18.52	15.61	17.84	16.30	9.00-31.00	13.00-31.00	14.00-32.00	16.00-32.00	14.00-31.00	0.43	0.21	0.21	0.41	0.32	None	None	None	None	None	86.84	92.39	90.19	88	88.42	439	270	314	241	276
AR	reduced penetrance	None	None	None	0.41	0.36	None	None	None	37	36	None	None	None	100	100	None	None	None	37.00-37.00	36.00-36.00	None	None	None	10	13.08	None	None	None	AGA	C	None	None	None	20	16.67	None	None	None	1	1
AR	unknown	None	None	0.32	0.41	0.36	None	None	35	35	35	None	None	100	100	100	None	None	35.00-35.00	35.00-35.00	35.00-35.00	None	None	0	13.46	10.58	None	None	None	AAG	AGA	None	None	100	16.67	20	None	None	1	1	1
ARX-1	normal	99.26	99.60	98.94	99.13	99.63	16	16	16	16	16	98.25	100	98.57	99.12	98.12	13.00-16.00	16.00-16.00	15.00-16.00	15.00-16.00	15.00-16.00	0.21	0.08	0.18	0.13	0.17	None	None	None	None	None	92.67	96.84	92.25	94.32	92.96	400	251	279	227	266
ARX-1	unknown	0.74	0.40	1.06	0.87	0.37	17	17	17	17	17	100	100	100	100	100	17.00-17.00	17.00-17.00	17.00-17.00	17.00-17.00	17.00-17.00	3.31	4	0	2	0	C	GC	None	None	None	33.33	100	100	50	100	3	1	3	2	1
ARX-2	normal	99.16	98.92	99.04	99.62	98.70	12	12	12	12	12	99.15	99.28	99.68	97.36	99.67	11.00-12.00	11.00-12.00	11.00-12.00	11.00-12.00	11.00-12.00	0.40	0.28	0.35	0.53	0.48	None	None	None	None	None	90.17	93.55	91.61	89.30	90.58	473	276	309	265	303
ARX-2	unknown	0.84	1.08	0.96	0.38	1.30	13	13	13	13	13	75	100	100	100	100	13.00-14.00	13.00-13.00	13.00-13.00	13.00-13.00	13.00-13.00	7.71	3.51	4.34	5.26	5.26	GC	GC	C	G	C	50	66.67	33.33	100	75	4	3	3	1	4
ATN1	normal	100	100	100	100	100	17	19	21	19	19	31.57	38.48	19.44	33.33	28.31	7.00-27.00	10.00-25.00	11.00-29.00	11.00-25.00	10.00-28.00	12.40	11.74	11.22	11.70	11.34	CAA	CAA	CAA	CAA	CAA	95.97	95.26	92.70	93.75	94.31	643	382	432	375	431
ATXN1	normal	100	100	100	100	100	30	30	28	30	29	27.00	32.35	36.59	37.86	23.75	19.00-36.00	20.00-36.00	17.00-34.00	22.00-37.00	21.00-36.00	5.68	6.17	5.61	6.77	6.32	CAT	CAT	CAT	CAT	CAT	87.12	91.79	89.24	90.50	87.56	626	371	399	346	400
ATXN10	full mutation	None	0.76	None	None	None	None	955	None	None	None	None	33.33	None	None	None	None	955.00-1066.00	None	None	None	None	26.14	None	None	None	None	GTTCT	None	None	None	None	5.77	None	None	None	None	3	None	None	None
ATXN10	normal	100	98.49	100	100	100	13	14	14	14	14	32.70	38.11	33.56	36.39	29.49	7.00-21.00	7.00-22.00	9.00-22.00	11.00-20.00	7.00-20.00	1.67	1.56	1.39	2.70	2.29	None	None	None	None	None	68.02	69.10	68.25	54.45	58.11	679	391	441	404	468
ATXN10	reduced penetrance	None	0.76	None	None	None	None	277	None	None	None	None	33.33	None	None	None	None	277.00-511.00	None	None	None	None	24.70	None	None	None	None	GTTCT	None	None	None	None	33.33	None	None	None	None	3	None	None	None
ATXN2	normal	100	100	100	100	100	22	22	22	22	22	54.48	84.29	92.09	84.26	90.07	12.00-30.00	20.00-29.00	15.00-31.00	13.00-30.00	19.00-30.00	7.07	7.40	7.04	7.42	7.45	CAA	CAA	CAA	CAA	CAA	90.85	92.60	90.93	93.12	91.19	591	350	392	343	403
ATXN3	intermediate	None	0.51	None	None	None	None	45	None	None	None	None	100	None	None	None	None	45.00-45.00	None	None	None	None	6.67	None	None	None	None	AAG	None	None	None	None	50	None	None	None	None	2	None	None	None
ATXN3	normal	100	99.49	100	100	100	22	23	14	23	23	16.37	37.34	41.96	32.30	22.10	14.00-41.00	14.00-41.00	13.00-39.00	14.00-39.00	14.00-41.00	13.28	14.51	15.87	14.77	13.66	CAA	CAA	CAA	CAA	CAA	45.93	47.98	47.35	46.45	46.55	666	391	429	387	448
ATXN7	normal	100	100	100	99.73	100	10	10	10	10	10	62.65	68.22	79.82	78.34	75.97	7.00-19.00	7.00-15.00	7.00-14.00	7.00-13.00	9.00-15.00	1.43	0.67	0.46	0.69	0.69	None	None	None	None	None	82.96	92.25	93.61	89.97	90.11	656	387	436	374	437
ATXN7	unknown	None	None	None	0.27	None	None	None	None	33	None	None	None	None	100	None	None	None	None	33.00-33.00	None	None	None	None	38.78	None	None	None	None	C	None	None	None	None	12.50	None	None	None	None	1	None
ATXN8OS	full mutation	0.48	1.06	None	1.37	None	73	67	None	69	None	33.33	25	None	20	None	73.00-687.00	67.00-652.00	None	69.00-777.00	None	0	5.99	None	17.88	None	None	None	None	TTG	None	100	6.25	None	20	None	3	4	None	5	None
ATXN8OS	normal	99.52	98.94	100	98.63	100	14	12	8	15	12	19.42	21.72	13.94	22.16	28.77	4.00-38.00	6.00-23.00	6.00-26.00	5.00-26.00	6.00-23.00	0.45	0.25	0.21	0.27	0.40	None	None	None	None	None	90.05	94.74	95.70	95.60	91.50	623	373	416	361	438
BEAN1	normal	100	100	100	100	100	15	19	17	19	19	13.18	15.19	15.70	17.19	16.70	7.00-254.00	11.00-960.00	10.00-1291.00	11.00-1099.00	10.00-1650.00	7.66	6.74	4.79	6.44	6.78	TAA	TAA	TAA	TAA	TAA	40.32	54.93	70.12	50.93	53.50	660	395	433	384	437
C9ORF72	normal	100	99.72	100	100	100	2	2	2	2	2	44.59	54.21	56.09	56.07	50.52	1.00-15.00	2.00-17.00	2.00-13.00	2.00-20.00	2.00-22.00	1.25	1.32	0.87	1.42	2.18	None	None	None	None	None	90.30	91.78	92.23	92.59	83.46	527	356	394	321	384
C9ORF72	unknown	None	0.28	None	None	None	None	27	None	None	None	None	100	None	None	None	None	27.00-27.00	None	None	None	None	0	None	None	None	None	None	None	None	None	None	100	None	None	None	None	1	None	None	None
CACNA1A	normal	100	100	100	100	100	11	11	13	13	11	57.39	41.10	46.72	30.11	41.97	6.00-18.00	4.00-15.00	4.00-18.00	4.00-14.00	4.00-15.00	1.14	1.02	1.01	1.07	1.36	None	None	None	None	None	78.66	80.11	80.53	80.95	76.63	636	365	411	372	436
CBL	normal	100	100	100	100	100	11	11	11	11	11	57.76	72.21	63.87	66.86	52.28	6.00-17.00	8.00-31.00	7.00-29.00	7.00-23.00	5.00-46.00	2.81	2.20	4.61	3.03	5.20	None	None	TGG	None	TGG	66.99	71.47	51.01	61.08	53.92	606	349	382	338	394
CNBP	normal	99.45	99.47	100	100	100	16	15	15	15	15	27.11	60.58	60.78	70.48	59.46	10.00-30.00	8.00-28.00	10.00-22.00	7.00-22.00	11.00-27.00	11.59	12.74	12.74	13.02	13.06	TCTG	TCTG	TCTG	TCTG	TCTG	44.91	48.40	49.94	48.67	48.16	546	378	408	376	407
CNBP	premutation	0.55	0.53	None	None	None	36	32	None	None	None	33.33	100	None	None	None	36.00-51.00	32.00-32.00	None	None	None	5.77	0	None	None	None	TCTG	None	None	None	None	37.50	100	None	None	None	3	2	None	None	None
COMP	normal	100	100	100	100	100	5	5	5	5	5	99.54	100	99.76	99.19	99.77	5.00-6.00	5.00-5.00	5.00-6.00	4.00-6.00	5.00-6.00	0.63	0.36	0.35	0.65	0.29	None	None	None	None	None	95.29	96.95	97.62	94.65	97.90	650	391	420	371	428
CSTB	full mutation	0.34	None	None	None	None	45	None	None	None	None	50	None	None	None	None	45.00-47.00	None	None	None	None	5.30	None	None	None	None	None	None	None	None	None	14.29	None	None	None	None	2	None	None	None	None
CSTB	normal	98.30	99.71	100	99.37	99.73	3	2	2	3	2	66.67	59.13	68.04	71.97	51.33	2.00-3.00	2.00-3.00	2.00-3.00	2.00-3.00	2.00-3.00	2.59	2.51	3.00	3.91	2.28	None	None	None	None	None	87.81	89.17	86.85	83.28	88.37	579	345	388	314	376
CSTB	unknown	1.36	0.29	None	0.63	0.27	4	4	None	4	5	25	100	None	50	100	4.00-13.00	4.00-4.00	None	4.00-14.00	5.00-5.00	25.64	0	None	42.69	20	None	None	None	None	CCCCGCCCCGTG	27.78	100	None	7.69	100	8	1	None	2	1
DAB1	normal	100	100	100	100	100	11	12	12	12	12	21.47	25.32	40.48	18.16	25.81	6.00-196.00	6.00-983.00	6.00-77.00	6.00-537.00	6.00-268.00	1.43	1.14	0.96	1.21	0.88	None	None	None	None	None	70.31	75.70	72.15	71.24	77.82	680	395	457	391	465
DIP2B	full mutation	None	None	None	0.26	None	None	None	None	331	None	None	None	None	100	None	None	None	None	331.00-331.00	None	None	None	None	0	None	None	None	None	None	None	None	None	None	100	None	None	None	None	1	None
DIP2B	normal	99.08	96.91	100	95.41	97.81	7	7	7	7	7	77.93	79.79	98.85	61.50	83.18	6.00-22.00	7.00-22.00	7.00-15.00	4.00-23.00	6.00-23.00	0.96	0.22	0.12	0.66	0.50	None	None	None	None	None	91.77	96.29	98.39	91.62	92.65	648	376	434	374	446
DIP2B	unknown	0.92	3.09	None	4.34	2.19	39	24	None	24	26	33.33	16.67	None	17.65	30	27.00-41.00	24.00-165.00	None	24.00-90.00	24.00-37.00	5.39	4.13	None	4.50	14.17	None	None	None	None	None	36.36	55.56	None	23.08	58.33	6	12	None	17	10
DMD	full mutation	20.22	1.12	0.65	1.15	None	103	149	87	119	None	5.43	66.67	50	66.67	None	59.00-351.00	107.00-149.00	87.00-107.00	119.00-317.00	None	6.31	1.37	0.92	0.81	None	AA	AA	A	AA	None	22.18	33.33	33.33	42.86	None	92	3	2	3	None
DMD	normal	79.56	98.88	99.03	98.47	100	12	22	22	21	20	10.50	10.53	14.10	14.01	16.67	8.00-29.00	8.00-29.00	10.00-30.00	11.00-27.00	10.00-32.00	4.42	4.11	4.30	5.55	4.48	AA	AA	AA	AA	AA	45.09	41.54	45.36	48.41	45.70	362	266	305	257	300
DMD	unknown	0.22	None	0.32	0.38	None	48	None	34	55	None	100	None	100	100	None	48.00-48.00	None	34.00-34.00	55.00-55.00	None	1.40	None	0	30.91	None	AA	None	None	AAA	None	100	None	100	7.14	None	1	None	1	1	None
DMPK	normal	100	100	99.47	100	100	5	13	5	5	11	28.42	27.17	29.84	27.63	23.75	4.00-20.00	4.00-31.00	5.00-30.00	5.00-33.00	5.00-34.00	0.85	0.96	0.74	1.12	1.20	None	None	None	None	None	86.36	86.34	89.97	82.25	81.82	563	357	372	333	400
DMPK	premutation	None	None	0.53	None	None	None	None	35	None	None	None	None	50	None	None	None	None	35.00-36.00	None	None	None	None	0.47	None	None	None	None	None	None	None	None	None	50	None	None	None	None	2	None	None
EIF4A3	full mutation	None	None	0.25	None	None	None	None	15	None	None	None	None	100	None	None	None	None	15.00-15.00	None	None	None	None	79.87	None	None	None	None	TCGGCAGCGGCAGCGAGG	None	None	None	None	50	None	None	None	None	1	None	None
EIF4A3	normal	100	99.73	99.02	100	100	8	7	7	7	8	28.57	28.49	35.89	25.69	41.15	1.00-12.00	1.00-12.00	1.00-12.00	1.00-11.00	1.00-10.00	29.28	27.63	27.61	30.19	29.25	TCGGCAGCGGCAGCGAGG	TCGGCAGCGGCAGCGAGG	TCGGCAGCGGCAGCGAGG	TCGGCAGCGGCAGCGAGG	TCGGCAGCGGCAGCGAGG	46.31	55.72	55.52	48.60	52.03	623	365	404	362	435
EIF4A3	unknown	None	0.27	0.74	None	None	None	13	13	None	None	None	100	100	None	None	None	13.00-13.00	13.00-13.00	None	None	None	84.50	23.03	None	None	None	TCGGCAGCGGCAGCGAGG	TCGGCAGCGGCAGCGAGG	None	None	None	50	33.33	None	None	None	1	3	None	None
FGF14	full mutation	None	0.27	2.66	0.28	0.27	None	417	441	833	958	None	100	11.11	100	100	None	417.00-417.00	441.00-682.00	833.00-833.00	958.00-958.00	None	37.60	36.48	55.56	71.08	None	A	A	A	A	None	16.67	8.57	2.38	16.67	None	1	9	1	1
FGF14	normal	100	96.99	95.86	98.89	99.73	9	9	8	9	8	15.11	31.07	45.37	21.85	19.18	7.00-154.00	8.00-234.00	7.00-211.00	8.00-229.00	7.00-218.00	8.13	9.04	9.49	8.81	8.16	G	G	G	G	G	29.10	30.97	32.93	25	29.22	589	354	324	357	365
FGF14	reduced penetrance	None	2.74	1.48	0.83	None	None	268	254	251	None	None	10	20	33.33	None	None	268.00-317.00	254.00-325.00	251.00-275.00	None	None	28.21	20.51	0.25	None	None	GAG	A	G	None	None	22.22	23.53	75	None	None	10	5	3	None
FMR1	intermediate	1.10	0.86	None	1.83	None	46	45	None	47	None	50	100	None	25	None	45.00-49.00	45.00-45.00	None	47.00-51.00	None	5.32	4.44	None	2.90	None	AGG	AGG	None	AGG	None	100	100	None	75	None	4	2	None	4	None
FMR1	normal	98.90	99.14	99.64	98.17	99.20	30	29	29	30	30	26.67	38.70	56.47	35.51	41.30	12.00-44.00	18.00-41.00	20.00-43.00	19.00-44.00	19.00-44.00	6.04	6.23	6.76	6.13	6.35	AGG	AGG	AGG	AGG	AGG	79.86	83.27	80.95	78.29	81.51	360	230	278	214	247
FMR1	premutation	None	None	0.36	None	0.80	None	None	60	None	55	None	None	100	None	50	None	None	60.00-60.00	None	55.00-58.00	None	None	1.67	None	1.77	None	None	AGG	None	AGG	None	None	100	None	33.33	None	None	1	None	2
FOXL2	normal	99.84	100	99.52	99.73	99.51	14	14	14	14	14	100	99.45	99.28	100	99.51	14.00-14.00	13.00-14.00	13.00-14.00	14.00-14.00	10.00-14.00	0.14	0.12	0.14	0.06	0.14	None	None	None	None	None	96.01	95.93	95.47	98.37	95.42	624	366	414	367	410
FOXL2	unknown	0.16	None	0.48	0.27	0.49	15	None	15	15	15	100	None	100	100	100	15.00-15.00	None	15.00-15.00	15.00-15.00	15.00-15.00	4.55	None	6.62	4.55	5.61	CG	None	ACG	CC	AC	100	None	33.33	100	33.33	1	None	2	1	2
FXN	normal	100	100	100	99.71	100	8	9	9	9	8	43.81	53.93	50	36.76	41.16	4.00-23.00	5.00-31.00	6.00-20.00	5.00-31.00	6.00-29.00	0.33	0.20	0.17	0.53	0.33	None	None	None	None	None	94.84	97.19	97.58	91.64	95.01	557	356	372	340	379
FXN	premutation	None	None	None	0.29	None	None	None	None	34	None	None	None	None	100	None	None	None	None	34.00-34.00	None	None	None	None	0	None	None	None	None	None	None	None	None	None	100	None	None	None	None	1	None
GIPC1	normal	98.11	99.20	99.53	99.72	99.53	14	14	14	14	14	31.89	38.61	46.08	40.11	50.94	8.00-32.00	8.00-27.00	6.00-31.00	9.00-23.00	7.00-28.00	12.87	14.47	14.19	14.41	14.42	GGA	GGA	GGA	GGA	GGA	53.65	48.89	48.53	47.56	48.66	624	373	421	359	424
GIPC1	unknown	1.89	0.80	0.47	0.28	0.47	36	71	33	41	33	41.67	66.67	50	100	100	33.00-70.00	37.00-71.00	33.00-35.00	41.00-41.00	33.00-33.00	5.61	14.95	3.40	4.88	3.03	GGA	GGA	GGA	GGA	GGA	85.71	100	66.67	100	100	12	3	2	1	2
GLS	normal	98.86	100	100	100	100	14	14	8	8	14	24.67	24.17	43.17	35.21	27.11	7.00-24.00	5.00-24.00	8.00-26.00	7.00-23.00	7.00-25.00	0.61	0.43	1.15	0.70	0.69	None	None	None	None	None	88.24	91.30	85.01	88.22	87.05	608	360	410	355	402
GLS	unknown	1.14	None	None	None	None	27	None	None	None	None	42.86	None	None	None	None	27.00-39.00	None	None	None	None	6.12	None	None	None	None	None	None	None	None	None	33.33	None	None	None	None	7	None	None	None	None
HOXA13-1	normal	100	99.37	100	99.01	99.70	14	14	14	14	14	99.43	100	99.41	99.34	98.79	13.00-14.00	14.00-14.00	13.00-14.00	13.00-14.00	13.00-14.00	0.22	0.14	0.13	0.19	0.23	None	None	None	None	None	92.98	94.94	95.61	93.09	92.56	522	315	340	301	330
HOXA13-1	unknown	None	0.63	None	0.99	0.30	None	15	None	15	15	None	100	None	100	100	None	15.00-15.00	None	15.00-15.00	15.00-15.00	None	4.55	None	3.03	0	None	GC	None	None	None	None	100	None	33.33	100	None	2	None	3	1
HOXA13-2	normal	100	99.72	98.72	100	99.00	12	12	12	12	12	99.51	99.44	99.48	100	99.75	11.00-12.00	11.00-12.00	11.00-12.00	12.00-12.00	10.00-12.00	0.13	0.13	0.12	0.10	0.17	None	None	None	None	None	97.05	96.34	97.16	97.67	96.24	609	354	387	343	397
HOXA13-2	unknown	None	0.28	1.28	None	1.00	None	13	13	None	13	None	100	100	None	100	None	13.00-13.00	13.00-13.00	None	13.00-13.00	None	5.26	3.64	None	5.26	None	G	None	None	GC	None	50	28.57	None	100	None	1	5	None	4
HOXA13-3	normal	99.64	99.71	99.45	98.17	98.55	18	18	18	18	18	99.45	98.52	98.62	99.38	99.41	8.00-18.00	8.00-18.00	12.00-18.00	8.00-18.00	7.00-18.00	0.06	0.09	0.06	0.09	0.05	None	None	None	None	None	97.65	97.35	97.80	96.26	97.94	550	338	362	321	339
HOXA13-3	unknown	0.36	0.29	0.55	1.83	1.45	19	19	19	19	19	50	100	100	100	60	19.00-20.00	19.00-19.00	19.00-19.00	19.00-19.00	19.00-20.00	5.74	3.57	1.78	2.38	6.09	None	GC	None	None	C	25	100	50	28.57	20	2	1	2	6	5
HOXD13	normal	99.84	100	99.76	100	99.53	15	15	15	15	15	98.27	98.38	98.34	99.18	99.06	14.00-16.00	15.00-16.00	11.00-16.00	12.00-16.00	14.00-16.00	0.12	0.12	0.12	0.15	0.08	None	None	None	None	None	96.24	97.05	96.46	95.33	97.66	637	370	422	364	427
HOXD13	unknown	0.16	None	0.24	None	0.47	18	None	8	None	17	100	None	100	None	50	18.00-18.00	None	8.00-8.00	None	17.00-19.00	0	None	0	None	0	None	None	None	None	None	100	None	100	None	100	1	None	1	None	2
HTT	full mutation	None	0.53	None	None	None	None	42	None	None	None	None	50	None	None	None	None	42.00-45.00	None	None	None	None	1.56	None	None	None	None	A	None	None	None	None	50	None	None	None	None	2	None	None	None
HTT	intermediate	4.67	6.33	1.50	4.37	2.17	27	27	27	29	28	43.33	41.67	33.33	31.25	22.22	27.00-34.00	27.00-33.00	27.00-33.00	27.00-34.00	27.00-34.00	4.63	3.99	3.21	3.15	4.92	CAA	CAA	CAA	CAA	CAA	68.29	82.76	66.67	87.50	37.50	30	24	6	16	9
HTT	normal	95.33	93.14	98.50	95.08	97.11	17	19	19	19	19	25.65	30.59	48.98	40.23	48.39	12.00-26.00	12.00-26.00	11.00-26.00	11.00-26.00	12.00-26.00	5.44	5.36	5.19	5.47	5.22	CAA	CAA	CAA	CAA	CAA	85.11	89.04	92.01	86.16	86.44	612	353	394	348	403
HTT	reduced penetrance	None	None	None	0.55	0.72	None	None	None	38	37	None	None	None	100	33.33	None	None	None	38.00-38.00	37.00-39.00	None	None	None	2.63	3.78	None	None	None	CAA	CAA	None	None	None	100	75	None	None	None	2	3
JPH3	normal	98.43	99.73	100	99.46	100	15	15	15	15	15	26.20	49.18	64.10	42.86	54.38	9.00-28.00	11.00-24.00	12.00-19.00	12.00-19.00	7.00-25.00	2.49	2.31	2.33	2.17	2.22	C	C	C	C	C	87.19	93.51	93.61	94.72	95.32	626	366	415	371	434
JPH3	unknown	1.57	0.27	None	0.54	None	29	29	None	32	None	60	100	None	50	None	29.00-34.00	29.00-29.00	None	32.00-35.00	None	1.09	1.14	None	8.50	None	C	C	None	C	None	100	100	None	33.33	None	10	1	None	2	None
LRP12	normal	100	100	100	100	100	10	10	11	14	11	30.26	20.32	39.36	28.16	26.02	1.00-31.00	5.00-25.00	5.00-22.00	5.00-26.00	4.00-19.00	5.39	5.82	6.35	5.85	6.16	GAC	GAC	GAC	GAC	GAC	42.26	56.40	67.68	57.74	56.84	542	310	343	309	342
MARCHF6	normal	100	100	100	100	100	15	16	15	16	15	34.60	42.82	52.42	37.81	44.40	11.00-24.00	11.00-653.00	12.00-21.00	10.00-903.00	8.00-50.00	11.12	10.99	11.22	11.25	11.38	TTTT	TTTT	TTTT	TTTT	TTTT	45.97	46.14	46.65	42.42	43.89	682	397	454	402	473
NIPA1	full mutation	0.19	None	None	None	None	11	None	None	None	None	100	None	None	None	None	11.00-11.00	None	None	None	None	0	None	None	None	None	None	None	None	None	None	100	None	None	None	None	1	None	None	None	None
NIPA1	normal	99.81	100	100	100	100	8	8	8	8	8	63.41	61.46	53.16	70.63	75.07	5.00-10.00	7.00-10.00	5.00-10.00	0.00-10.00	3.00-11.00	0.22	0.21	0.19	0.48	0.19	None	None	None	None	None	96.82	97.14	97.42	97.69	98.04	533	314	348	303	357
NOP56	normal	100	100	100	100	100	4	6	6	6	6	36.68	41.35	55.56	45.86	56.50	3.00-11.00	1.00-10.00	1.00-10.00	2.00-11.00	1.00-11.00	2.52	1.26	1.23	1.33	1.02	None	None	None	None	None	84.70	92.08	90.14	89.12	91.90	608	370	414	362	423
NOTCH2NLC	full mutation	None	None	0.30	None	None	None	None	64	None	None	None	None	100	None	None	None	None	64.00-64.00	None	None	None	None	3.12	None	None	None	None	GGA	None	None	None	None	100	None	None	None	None	1	None	None
NOTCH2NLC	normal	100	100	99.39	100	100	19	21	15	13	20	17.88	18.69	24.09	16.93	17.40	6.00-32.00	12.00-30.00	8.00-39.00	13.00-32.00	7.00-32.00	11.99	12.87	13.15	12.51	13.14	GGA	GGA	GGA	GGA	GGA	73.99	83.71	76.19	77.41	79.26	481	305	328	319	339
NOTCH2NLC	unknown	None	None	0.30	None	None	None	None	43	None	None	None	None	100	None	None	None	None	43.00-43.00	None	None	None	None	4.65	None	None	None	None	GGA	None	None	None	None	100	None	None	None	None	1	None	None
NUTM2B-AS1	normal	98.99	100	100	100	99.75	9	9	9	9	9	39.93	56.57	72.58	60.40	68.94	2.00-16.00	2.00-16.00	4.00-15.00	5.00-15.00	5.00-13.00	1.07	0.71	0.40	0.62	0.74	None	None	None	None	None	86.67	91.57	92.97	91.57	92.02	591	350	383	351	396
NUTM2B-AS1	unknown	1.01	None	None	None	0.25	17	None	None	None	20	83.33	None	None	None	100	17.00-22.00	None	None	None	20.00-20.00	3.90	None	None	None	40	None	None	None	None	AAG	44.44	None	None	None	16.67	6	None	None	None	1
PABPN1	full mutation	0.93	0.82	0.23	0.27	0.90	7	7	7	7	7	100	100	100	100	100	7.00-7.00	7.00-7.00	7.00-7.00	7.00-7.00	7.00-7.00	0	0	0	0	0	None	None	None	None	None	100	100	100	100	100	6	3	1	1	4
PABPN1	normal	99.07	99.18	99.77	99.73	99.10	6	6	6	6	6	98.91	99.73	100	98.66	99.09	5.00-7.00	6.00-7.00	6.00-6.00	5.00-7.00	5.00-7.00	0.13	0.11	0.03	0.12	0.14	None	None	None	None	None	97.98	98.08	99.53	98.13	97.74	640	364	427	373	439
PHOX2B	normal	99.51	98.34	99.23	99.14	99.26	20	20	20	20	20	99.18	98.31	92.76	98.56	97.51	14.00-20.00	7.00-20.00	13.00-20.00	7.00-20.00	13.00-20.00	0.09	0.07	0.09	0.09	0.10	None	None	None	None	None	95.45	96.37	95.63	95.98	96.30	611	355	387	347	402
PHOX2B	unknown	0.49	1.66	0.77	0.86	0.74	21	21	21	21	21	100	100	100	100	100	21.00-21.00	21.00-21.00	21.00-21.00	21.00-21.00	21.00-21.00	1.60	2.38	3.23	3.23	2.15	None	None	GC	GC	None	33.33	25	50	100	33.33	3	6	3	3	3
PPP2R2B	normal	99.84	100	100	100	100	10	10	10	10	10	25.72	47.89	26.59	61.17	39.76	6.00-22.00	8.00-21.00	9.00-23.00	9.00-29.00	4.00-25.00	0.34	0.21	0.30	0.33	0.31	None	None	None	None	None	93.97	95.03	93.78	94.21	93.69	622	380	410	358	425
PPP2R2B	unknown	0.16	None	None	None	None	44	None	None	None	None	100	None	None	None	None	44.00-44.00	None	None	None	None	43.18	None	None	None	None	ACA	None	None	None	None	6.25	None	None	None	None	1	None	None	None	None
PRDM12	normal	100	100	99.76	99.46	99.77	12	12	12	11	12	46.18	52.71	61.65	53.66	52.40	5.00-14.00	6.00-14.00	6.00-14.00	5.00-14.00	5.00-14.00	0.47	0.15	0.67	0.26	0.28	None	None	None	None	None	92.65	96.38	89.31	94.58	93.62	641	387	412	369	437
PRDM12	unknown	None	None	0.24	0.54	0.23	None	None	16	16	15	None	None	100	50	100	None	None	16.00-16.00	16.00-17.00	15.00-15.00	None	None	0	0	2.17	None	None	None	None	C	None	None	100	100	100	None	None	1	2	1
PRNP	normal	99.84	100	100	100	99.29	5	5	5	5	5	80.32	96.31	99.75	98.89	99.05	4.00-5.00	4.00-5.00	4.00-5.00	4.00-5.00	4.00-5.00	61.23	62.39	62.37	63.04	63.17	CCTCAGGGCGGTGGTGGCTGGGGG	CCTCAGGGCGGTGGTGGCTGGGGG	CCTCAGGGCGGTGGTGGCTGGGGG	CCCCATGGTGGTGGCTGGGGACAG	CCTCAGGGCGGTGGTGGCTGGGGG	24.44	23.34	23.13	22.58	23.14	630	379	395	359	419
PRNP	unknown	0.16	None	None	None	0.71	6	None	None	None	6	100	None	None	None	100	6.00-6.00	None	None	None	6.00-6.00	82.73	None	None	None	66.89	CCATGGTGGTGGCTGGGGACAGCC	None	None	None	CAG	20	None	None	None	20	1	None	None	None	3
RAPGEF2	normal	100	100	100	100	100	18	19	18	20	18	22.34	27.76	47.21	25.20	33.48	13.00-37.00	14.00-24.00	6.00-271.00	14.00-48.00	14.00-23.00	6.15	5.51	5.42	5.71	5.67	TATTA	TATTA	TATTA	TATTA	TATTA	87.78	92.72	88.16	88.76	87.76	658	389	430	377	445
RFC1	full mutation	0.29	1.43	0.90	3	0.22	622	407	432	491	749	50	16.67	25	8.33	100	622.00-718.00	407.00-1279.00	432.00-864.00	491.00-1132.00	749.00-749.00	100	99.96	100	99.98	100	AAGGA	AAGGA	AAGGA	AAGGA	AAGAC	7.41	5.22	7.27	6.12	8.33	2	6	4	12	1
RFC1	normal	99.71	97.86	98.64	97	99.56	11	11	11	11	11	13.32	27.49	34.63	24.74	26.04	6.00-551.00	5.00-729.00	8.00-527.00	8.00-710.00	8.00-675.00	13.10	18.42	22.98	21.89	16.55	AAAA	AAAA	AAAA	AAAA	AAAA	27.30	20.60	17.77	13.04	18.20	683	411	436	388	457
RFC1	unknown	None	0.71	0.45	None	0.22	None	688	685	None	806	None	33.33	50	None	100	None	688.00-809.00	685.00-711.00	None	806.00-806.00	None	99.91	100	None	100	None	AAAGG	AAAGG	None	A	None	2.34	1.20	None	1.39	None	3	2	None	1
RILPL1	normal	100	100	99.72	100	100	10	10	10	10	10	85.15	93.31	96.37	97.53	94.02	7.00-14.00	9.00-13.00	9.00-16.00	7.00-13.00	9.00-16.00	0.22	0.61	0.06	0.78	0.20	None	None	None	None	None	95.03	93.09	98.60	91.67	96.20	559	329	358	324	368
RILPL1	unknown	None	None	0.28	None	None	None	None	20	None	None	None	None	100	None	None	None	None	20.00-20.00	None	None	None	None	0	None	None	None	None	None	None	None	None	None	100	None	None	None	None	1	None	None
RUNX2	full mutation	None	None	0.68	None	None	None	None	20	None	None	None	None	66.67	None	None	None	None	20.00-21.00	None	None	None	None	1.08	None	None	None	None	None	None	None	None	None	66.67	None	None	None	None	3	None	None
RUNX2	normal	98.48	99.21	98.17	98.94	98.88	17	17	17	17	17	98.15	94.99	98.37	91.42	98.18	11.00-17.00	10.00-17.00	11.00-17.00	11.00-17.00	11.00-17.00	0.11	0.09	0.14	0.22	0.11	None	None	None	None	None	96.31	97.38	95.16	93.10	95.24	649	379	430	373	440
RUNX2	unknown	1.52	0.79	1.14	1.06	1.12	18	19	18	18	18	100	66.67	100	75	100	18.00-18.00	18.00-19.00	18.00-18.00	18.00-19.00	18.00-18.00	3.00	5.86	5.20	2.83	1.87	None	C	A	None	None	30	40	12.50	25	50	10	3	5	4	5
SAMD12	normal	100	100	100	100	100	19	19	19	19	19	24.71	30.62	27.09	33.25	25.96	13.00-327.00	15.00-410.00	14.00-1374.00	16.00-30.00	14.00-1222.00	16.93	13.08	12.37	13.62	13.78	TTA	TTA	TTA	TTA	TTA	23.08	26.76	25.96	24.92	24.89	684	418	454	409	470
SOX3	normal	98.00	97.73	98.42	98.81	99.32	15	15	15	15	15	98.86	99.61	98.39	98.80	99.32	14.00-15.00	14.00-15.00	8.00-15.00	14.00-15.00	14.00-15.00	0.22	0.16	0.31	0.21	0.34	None	None	None	None	None	93.68	93.82	91.11	93.70	90.30	440	258	311	250	293
SOX3	unknown	2.00	2.27	1.58	1.19	0.68	16	16	16	16	16	100	100	100	100	100	16.00-16.00	16.00-16.00	16.00-16.00	16.00-16.00	16.00-16.00	3.31	2.84	3.36	6.39	5.25	C	None	None	A	CC	27.27	25	20	20	33.33	9	6	5	3	2
STARD7	normal	100	99.76	100	100	100	12	12	12	11	12	27.64	23.26	19.30	21.46	29.96	8.00-449.00	3.00-1459.00	3.00-57.00	3.00-320.00	3.00-307.00	14.50	24.63	36.78	19.80	27.52	TTTA	TTTT	TTTT	TTTA	TTTT	29.49	23.67	17.89	23.52	21.19	691	417	456	410	474
STARD7	unknown	None	0.24	None	None	None	None	1219	None	None	None	None	100	None	None	None	None	1219.00-1219.00	None	None	None	None	19.88	None	None	None	None	A	None	None	None	None	11.11	None	None	None	None	1	None	None	None
TBP	normal	99.70	98.71	99.07	99.20	98.39	35	37	36	38	37	36.64	44.13	46.84	37.47	28.57	25.00-40.00	29.00-40.00	16.00-40.00	28.00-40.00	26.00-40.00	17.05	16.39	16.64	16.27	16.36	CAA	CAA	CAA	CAA	CAA	93.17	91.63	90.08	91.38	91.04	655	383	427	371	427
TBP	reduced penetrance	0.30	1.29	0.93	0.80	1.61	41	42	41	41	41	100	60	50	100	28.57	41.00-41.00	41.00-42.00	41.00-44.00	41.00-41.00	41.00-45.00	13.41	14.43	13.77	15.44	14.39	CAA	CAA	CAA	CAA	CAA	100	100	50	100	87.50	2	5	4	3	7
TBX1	normal	99.20	98.68	99.01	98.89	98.79	15	15	15	15	15	99.03	99.73	99.75	99.72	99.51	14.00-15.00	14.00-15.00	14.00-15.00	14.00-15.00	14.00-15.00	0.08	0.08	0.18	0.11	0.12	None	None	None	None	None	96.94	96.53	94.10	95.80	96.31	620	375	402	357	407
TBX1	unknown	0.80	1.32	0.99	1.11	1.21	16	16	16	16	16	100	80	100	100	100	16.00-16.00	16.00-18.00	16.00-16.00	16.00-16.00	16.00-16.00	2.56	5.89	3.19	4.76	3.82	None	CT	None	C	C	33.33	22.22	25	40	20	5	5	4	4	5
TCF4	full mutation	0.80	1.63	0.98	2.20	1.69	90	68	83	60	98	40	16.67	25	12.50	28.57	78.00-817.00	68.00-161.00	83.00-100.00	60.00-131.00	55.00-98.00	9.60	2.21	0.08	5.75	1.17	None	None	None	None	None	80	26.67	75	44.44	33.33	5	6	4	8	7
TCF4	normal	98.41	95.39	95.83	94.51	94.93	15	17	11	11	11	15.24	35.80	30.18	29.65	32.06	8.00-31.00	6.00-31.00	9.00-31.00	7.00-31.00	10.00-31.00	1.01	2.74	1.19	1.82	1.61	None	None	None	None	None	79.54	54.35	76.13	66.21	68.82	617	352	391	344	393
TCF4	unknown	0.80	2.98	3.19	3.30	3.38	33	36	33	33	32	40	45.45	23.08	25	14.29	32.00-47.00	32.00-36.00	32.00-43.00	32.00-47.00	32.00-49.00	0.62	0	0.19	4.43	0.77	None	None	None	None	None	80	100	92.31	50	64.29	5	11	13	12	14
THAP11	normal	99.54	99.74	99.52	99.48	98.39	29	30	30	30	30	41.76	74.07	88.52	81.00	75.64	21.00-38.00	20.00-33.00	24.00-37.00	28.00-32.00	26.00-38.00	14.26	14.43	14.31	14.31	14.31	CAA	CAA	CAA	CAA	CAA	48.00	48.28	48.26	48.22	48.03	649	378	418	379	427
THAP11	unknown	0.46	0.26	0.48	0.52	1.61	40	39	39	39	39	66.67	100	100	100	71.43	39.00-40.00	39.00-39.00	39.00-39.00	39.00-39.00	39.00-42.00	11.64	11.02	14.83	13.56	12.93	CAA	CAA	CAA	CAA	CAA	50	50	50	50	43.75	3	1	2	2	7
TNRC6A	normal	100	100	100	100	100	12	14	10	14	12	25.63	19.45	17.85	25.71	26.11	9.00-841.00	9.00-23.00	9.00-692.00	9.00-20.00	9.00-1016.00	1.65	1.54	1.41	1.89	1.77	A	A	A	A	A	63.26	64.60	68.19	74.71	65.80	675	401	437	389	452
VWA1	full mutation	0.16	None	None	None	None	3	None	None	None	None	100	None	None	None	None	3.00-3.00	None	None	None	None	0	None	None	None	None	None	None	None	None	None	100	None	None	None	None	1	None	None	None	None
VWA1	normal	99.84	100	100	100	100	2	2	2	2	2	100	100	100	100	100	2.00-2.00	2.00-2.00	2.00-2.00	2.00-2.00	2.00-2.00	1.35	1.19	1.80	3.27	2.29	None	None	None	None	None	95.25	95.43	94.37	90.08	92.13	640	366	420	372	432
XYLT1	normal	None	0.29	None	0.29	None	None	7	None	20	None	None	100	None	100	None	None	7.00-7.00	None	20.00-20.00	None	None	86.36	None	35	None	None	CAA	None	AGC	None	None	25	None	25	None	None	1	None	1	None
XYLT1	unknown	100	99.71	100	99.71	100	33	33	33	33	33	41.21	43.93	47.73	28.99	54.08	22.00-54.00	22.00-66.00	25.00-38.00	24.00-63.00	26.00-44.00	31.79	31.69	32.69	31.39	32.49	AGG	GAG	GAG	AGG	GAG	16.62	16.83	16.33	16.58	16.44	580	346	396	338	392
YEATS2	normal	100	100	100	100	100	17	10	10	10	10	9.34	29.36	32.02	31.71	40.91	9.00-44.00	9.00-44.00	8.00-43.00	9.00-43.00	6.00-272.00	50.80	36.60	34.24	29.11	28.04	ATGTT	ATGTT	ATGTT	ATGTT	ATGTT	20.61	24.22	23.68	24.84	26.10	696	419	456	410	484
ZFHX3	normal	100	100	100	100	100	21	21	21	21	21	86.48	64.34	62.38	85.21	72.75	13.00-25.00	14.00-23.00	18.00-29.00	14.00-23.00	13.00-29.00	14.49	14.76	14.49	14.34	14.44	ACC	ACC	ACC	ACC	ACC	48.55	48.63	48.99	48.93	48.16	636	373	412	365	433
ZIC2	normal	98.57	98.70	98.81	98.13	97.98	15	15	15	15	15	99.52	99.74	100	99.73	99.31	14.00-15.00	13.00-15.00	15.00-15.00	14.00-15.00	10.00-15.00	0.11	0.10	0.14	0.05	0.13	None	None	None	None	None	95.35	96.33	95.68	98.09	94.52	622	380	416	367	437
ZIC2	unknown	1.43	1.30	1.19	1.87	2.02	17	16	16	16	16	55.56	80	100	100	100	16.00-17.00	16.00-17.00	16.00-16.00	16.00-16.00	16.00-16.00	2.11	1.70	3.81	3.94	3.06	None	None	None	C	CG	55.56	60	14.29	22.22	44.44	9	5	5	7	9
ZIC3	full mutation	None	None	None	1.33	None	None	None	None	12	None	None	None	None	66.67	None	None	None	None	12.00-14.00	None	None	None	None	0	None	None	None	None	None	None	None	None	None	100	None	None	None	None	3	None
ZIC3	normal	100	100	100	98.67	100	10	10	10	10	10	97.35	97.19	97.97	99.10	95.83	9.00-11.00	8.00-11.00	9.00-12.00	9.00-11.00	8.00-11.00	0.17	0.19	0.37	0.23	0.32	None	None	None	None	None	96.17	95.98	92.95	94.62	93.63	415	249	296	222	264
ZNF713	full mutation	0.18	None	None	None	None	470	None	None	None	None	100	None	None	None	None	470.00-470.00	None	None	None	None	1.91	None	None	None	None	AAG	None	None	None	None	10	None	None	None	None	1	None	None	None	None
ZNF713	normal	98.38	99.04	99.45	99.04	99.72	8	8	8	8	8	34.55	37.10	27.30	29.22	38.12	4.00-22.00	6.00-20.00	6.00-20.00	5.00-22.00	6.00-18.00	0.79	1.49	0.47	1.66	1.38	None	None	None	None	None	89.37	83.44	92.27	80.91	83.70	547	310	359	308	362
ZNF713	unknown	1.44	0.96	0.55	0.96	0.28	25	23	24	23	28	25	33.33	50	33.33	100	25.00-185.00	23.00-32.00	24.00-26.00	23.00-34.00	28.00-28.00	9.57	0	18.75	12.75	0	None	None	None	None	None	10.53	100	9.09	13.33	100	8	3	2	3	1
